,mean_abs_shap
amt_sum_24h,0.9834138144606476
log_amt,0.9440376831055575
category,0.6568142058758387
is_night,0.595328357024468
secs_since_prev_txn,0.5427351957634303
txn_count_7d,0.5286462069555055
amt,0.4099890919664953
amt_sum_1h,0.3592995789222732
txn_count_24h,0.3398775871615191
age,0.28733798558797496
amt_to_card_cat_mean_ratio,0.27351368303305623
amt_sum_7d,0.26678975609271927
hour_sin,0.24701623062724265
speed_kmh_from_prev,0.19091886115292722
hour_cos,0.17796638842967805
card_txn_count_hist,0.16720356963790892
log_city_pop,0.16136790252834515
card_amt_std_hist,0.14095795969726513
day_of_week,0.1257520394053105
hour,0.12505552735491193
amt_zscore_card,0.1045192762256534
gender,0.09290008589428211
card_amt_mean_hist,0.0852617656831126
km_from_prev_txn,0.08067219569299147
cust_merch_dist_km,0.054698585056669836
txn_count_1h,0.0528701900032245
amt_to_card_mean_ratio,0.05282241699178951
is_new_merchant,0.045481933847179724
is_weekend,0.026543509131426425
is_new_category,0.001659801968846276
