trans_date_trans_time,cc_num,merchant,category,amt,gender,city,state,zip,lat,long,city_pop,job,dob,unix_time,merch_lat,merch_long,is_fraud,merch_zipcode
2020-06-15 03:31:43,3531606252458308,fraud_Kunze Inc,grocery_pos,297.52,M,Stoneham,MA,2180,42.4828,-71.0978,21437,Artist,1964-06-25,1371267103,41.828079,-70.989307,1,2347.0
2020-06-15 03:39:32,3559160581764413,fraud_Wiza LLC,misc_pos,37.27,M,Saint Bonaventure,NY,14778,42.2701,-78.6847,1453,Toxicologist,1974-02-15,1371267572,42.395643,-79.301121,0,14063.0
2020-06-15 16:30:46,2291163933867244,fraud_Gislason Group,travel,1.41,M,Columbia,SC,29209,33.9659,-80.9355,333497,Mechanical engineer,1968-03-19,1371313846,33.005602,-79.94704499999999,0,29445.0
2020-06-16 05:12:38,3599237318576484,fraud_Barton Inc,grocery_pos,173.58,F,Dubre,KY,42731,36.8421,-85.5396,341,Insurance risk surveyor,1932-11-19,1371359558,37.77053,-85.00817099999999,0,40040.0
2020-06-16 09:54:33,676281772837,"fraud_Weimann, Kuhic and Beahan",shopping_pos,8.63,F,Whigham,GA,39897,30.8836,-84.3246,3430,"Editor, commissioning",1950-03-25,1371376473,30.909188,-84.388293,0,39834.0
2020-06-17 01:20:55,4873783502705038,fraud_Jacobi and Sons,shopping_pos,913.66,F,Burlington,WA,98233,48.4786,-122.3345,14871,Public house manager,1974-03-10,1371432055,48.824312,-122.694139,1,98248.0
2020-06-18 02:05:08,4783226709001,"fraud_Rowe, Batz and Goodwin",grocery_pos,331.74,F,Mc Cracken,KS,67556,38.5957,-99.554,320,Film/video editor,1961-04-22,1371521108,38.432163,-100.06847,1,67518.0
2020-06-19 22:17:04,4986925034905735,fraud_Kuphal-Predovic,misc_net,829.92,F,Irvine,KY,40336,37.6858,-83.9862,13061,"Editor, magazine features",1959-06-18,1371680224,37.914765,-84.77656400000001,1,40372.0
2020-06-19 22:26:33,3553629419254918,fraud_Champlin-Casper,home,63.18,F,Conway,WA,98238,48.34,-122.3456,85,"Research officer, political party",1984-09-01,1371680793,48.895453,-122.547647,0,98248.0
2020-06-20 13:18:50,3531129874770000,fraud_Torphy-Kertzmann,health_fitness,136.52,F,Brandon,VT,5733,43.8065,-73.0882,5895,"Scientist, marine",1975-07-13,1371734330,43.717808000000005,-73.233861,0,5732.0
2020-06-20 17:32:30,567868110212,fraud_Waelchi Inc,kids_pets,82.39,F,Houston,TX,77007,29.7736,-95.4034,2906700,"Copywriter, advertising",1984-12-16,1371749550,29.54065,-94.724287,0,
2020-06-21 11:31:21,374238209524200,fraud_Boyer PLC,shopping_net,77.01,M,Kent,OR,97033,45.0838,-120.6649,60,Museum education officer,1942-04-03,1371814281,44.237418,-121.278985,0,97756.0
